{"cameraMode":{"drawMode":0,"name":"Shaded","section":"Shading Mode"},"sceneLighting":true,"audioPlay":false,"sceneViewState":{"m_AlwaysRefresh":false,"showFog":true,"showSkybox":true,"showFlares":true,"showImageEffects":true,"showParticleSystems":true,"showVisualEffectGraphs":true,"m_FxEnabled":true},"in2DMode":false,"pivot":{"x":32.044532775878909,"y":27.145069122314454,"z":63.18996047973633},"rotation":{"x":0.548437774181366,"y":0.018824005499482156,"z":-0.012152070179581643,"w":0.8358953595161438},"size":6.224246501922607,"orthographic":false}