{"cameraMode":{"drawMode":0,"name":"Shaded","section":"Shading Mode"},"sceneLighting":true,"audioPlay":false,"sceneViewState":{"m_AlwaysRefresh":false,"showFog":true,"showSkybox":true,"showFlares":true,"showImageEffects":true,"showParticleSystems":true,"showVisualEffectGraphs":true,"m_FxEnabled":true},"in2DMode":false,"pivot":{"x":63.385772705078128,"y":51.12495422363281,"z":41.02848815917969},"rotation":{"x":0.6145179271697998,"y":0.008272778242826462,"z":-0.006458526477217674,"w":0.7888448238372803},"size":21.376869201660158,"orthographic":false}