{"cameraMode":{"drawMode":0,"name":"Shaded","section":"Shading Mode"},"sceneLighting":true,"audioPlay":false,"sceneViewState":{"m_AlwaysRefresh":false,"showFog":true,"showSkybox":true,"showFlares":true,"showImageEffects":true,"showParticleSystems":true,"showVisualEffectGraphs":true,"m_FxEnabled":true},"in2DMode":false,"pivot":{"x":62.03922653198242,"y":6.833628177642822,"z":74.59201049804688},"rotation":{"x":-0.011068201623857022,"y":0.9557843208312988,"z":-0.29110804200172427,"w":-0.036029838025569919},"size":3.010343313217163,"orthographic":false}