{"cameraMode":{"drawMode":0,"name":"Shaded","section":"Shading Mode"},"sceneLighting":true,"audioPlay":false,"sceneViewState":{"m_AlwaysRefresh":false,"showFog":true,"showSkybox":true,"showFlares":true,"showImageEffects":true,"showParticleSystems":true,"showVisualEffectGraphs":true,"m_FxEnabled":true},"in2DMode":false,"pivot":{"x":44.30352020263672,"y":2.684718132019043,"z":83.93116760253906},"rotation":{"x":0.24334771931171418,"y":-0.18843376636505128,"z":0.04778490588068962,"w":0.9500893354415894},"size":21.179445266723634,"orthographic":false}