{"cameraMode":{"drawMode":0,"name":"Shaded","section":"Shading Mode"},"sceneLighting":true,"audioPlay":false,"sceneViewState":{"m_AlwaysRefresh":false,"showFog":true,"showSkybox":true,"showFlares":true,"showImageEffects":true,"showParticleSystems":true,"showVisualEffectGraphs":true,"m_FxEnabled":true},"in2DMode":false,"pivot":{"x":65.09562683105469,"y":16.939924240112306,"z":66.42083740234375},"rotation":{"x":0.3065071702003479,"y":-0.28394535183906557,"z":0.09652608633041382,"w":0.9033824801445007},"size":14.364691734313965,"orthographic":false}