{"cameraMode":{"drawMode":0,"name":"Shaded","section":"Shading Mode"},"sceneLighting":true,"audioPlay":false,"sceneViewState":{"m_AlwaysRefresh":false,"showFog":true,"showSkybox":true,"showFlares":true,"showImageEffects":true,"showParticleSystems":true,"showVisualEffectGraphs":true,"m_FxEnabled":true},"in2DMode":false,"pivot":{"x":-34.528900146484378,"y":62.63999938964844,"z":1.3316842317581177},"rotation":{"x":0.11982526630163193,"y":0.2689521014690399,"z":-0.033749062567949298,"w":0.9550777077674866},"size":41.155006408691409,"orthographic":false}