{"cameraMode":{"drawMode":0,"name":"Shaded","section":"Shading Mode"},"sceneLighting":true,"audioPlay":false,"sceneViewState":{"m_AlwaysRefresh":false,"showFog":true,"showSkybox":true,"showFlares":true,"showImageEffects":true,"showParticleSystems":true,"showVisualEffectGraphs":true,"m_FxEnabled":true},"in2DMode":false,"pivot":{"x":3.811511993408203,"y":2.7528414726257326,"z":-36.860313415527347},"rotation":{"x":-0.0010883702198043466,"y":-0.999981164932251,"z":0.028688456863164903,"w":0.016641298308968545},"size":3.6450047492980959,"orthographic":true}