{"cameraMode":{"drawMode":0,"name":"Shaded","section":"Shading Mode"},"sceneLighting":true,"audioPlay":false,"sceneViewState":{"m_AlwaysRefresh":false,"showFog":true,"showSkybox":true,"showFlares":true,"showImageEffects":true,"showParticleSystems":true,"showVisualEffectGraphs":true,"m_FxEnabled":true},"in2DMode":false,"pivot":{"x":30.250486373901368,"y":20.493432998657228,"z":70.3254165649414},"rotation":{"x":0.5307971239089966,"y":0.016533268615603448,"z":-0.010161763988435269,"w":0.8472810387611389},"size":2.1403629779815676,"orthographic":false}