{"cameraMode":{"drawMode":0,"name":"Shaded","section":"Shading Mode"},"sceneLighting":true,"audioPlay":false,"sceneViewState":{"m_AlwaysRefresh":false,"showFog":true,"showSkybox":true,"showFlares":true,"showImageEffects":true,"showParticleSystems":true,"showVisualEffectGraphs":true,"m_FxEnabled":true},"in2DMode":false,"pivot":{"x":36.868804931640628,"y":8.31146240234375,"z":95.05128479003906},"rotation":{"x":-0.24088150262832642,"y":0.016592642292380334,"z":-0.004119148477911949,"w":-0.9704062938690186},"size":18.927688598632814,"orthographic":false}