{"cameraMode":{"drawMode":0,"name":"Shaded","section":"Shading Mode"},"sceneLighting":true,"audioPlay":false,"sceneViewState":{"m_AlwaysRefresh":false,"showFog":true,"showSkybox":true,"showFlares":true,"showImageEffects":true,"showParticleSystems":true,"showVisualEffectGraphs":true,"m_FxEnabled":true},"in2DMode":false,"pivot":{"x":-302.5021057128906,"y":17.462539672851564,"z":-94.12251281738281},"rotation":{"x":-0.8095439672470093,"y":0.006985783111304045,"z":-0.007750718388706446,"w":-0.588556706905365},"size":232.85882568359376,"orthographic":true}