{"cameraMode":{"drawMode":0,"name":"Shaded","section":"Shading Mode"},"sceneLighting":true,"audioPlay":false,"sceneViewState":{"m_AlwaysRefresh":false,"showFog":true,"showSkybox":true,"showFlares":true,"showImageEffects":true,"showParticleSystems":true,"showVisualEffectGraphs":true,"m_FxEnabled":true},"in2DMode":false,"pivot":{"x":937.3499755859375,"y":548.0989990234375,"z":24.827611923217775},"rotation":{"x":-0.005999858025461435,"y":-0.005999848246574402,"z":-0.000035999531974084675,"w":0.99996417760849},"size":325.2986145019531,"orthographic":false}