{"cameraMode":{"drawMode":0,"name":"Shaded","section":"Shading Mode"},"sceneLighting":false,"audioPlay":false,"sceneViewState":{"m_AlwaysRefresh":false,"showFog":true,"showSkybox":false,"showFlares":true,"showImageEffects":true,"showParticleSystems":true,"showVisualEffectGraphs":true,"m_FxEnabled":true},"in2DMode":false,"pivot":{"x":343.80718994140627,"y":88.6600570678711,"z":-94.17161560058594},"rotation":{"x":-0.003123148810118437,"y":-0.9949541091918945,"z":0.09146801382303238,"w":-0.040114130824804309},"size":18.068361282348634,"orthographic":false}