{"PlayerPos":{"x":67.54000091552735,"y":0.16022062301635743,"z":-41.689998626708987},"PlayerRot":{"x":0.0,"y":0.0,"z":0.0},"_level":1,"_exp":0.0,"_hp":80.0,"_hidepoint":30.55694007873535,"_gold":0,"PlayerMapList":[],"_usingMapNum":0,"Inventory":[],"StockItem":[]}