{"cameraMode":{"drawMode":0,"name":"Shaded","section":"Shading Mode"},"sceneLighting":false,"audioPlay":false,"sceneViewState":{"m_AlwaysRefresh":false,"showFog":true,"showSkybox":false,"showFlares":true,"showImageEffects":true,"showParticleSystems":true,"showVisualEffectGraphs":true,"m_FxEnabled":true},"in2DMode":false,"pivot":{"x":66.73174285888672,"y":2.340348243713379,"z":103.54906463623047},"rotation":{"x":0.059381041675806048,"y":0.14730001986026765,"z":-0.009356379508972168,"w":0.9871757626533508},"size":51.96152877807617,"orthographic":false}