{"cameraMode":{"drawMode":0,"name":"Shaded","section":"Shading Mode"},"sceneLighting":false,"audioPlay":false,"sceneViewState":{"m_AlwaysRefresh":false,"showFog":true,"showSkybox":false,"showFlares":true,"showImageEffects":true,"showParticleSystems":true,"showVisualEffectGraphs":true,"m_FxEnabled":true},"in2DMode":false,"pivot":{"x":569.4766235351563,"y":619.36376953125,"z":-1080.1317138671875},"rotation":{"x":0.020944079384207727,"y":-0.07192201912403107,"z":0.0015105929924175144,"w":0.9971902370452881},"size":766.4945678710938,"orthographic":true}