{"cameraMode":{"drawMode":0,"name":"Shaded","section":"Shading Mode"},"sceneLighting":false,"audioPlay":false,"sceneViewState":{"m_AlwaysRefresh":false,"showFog":false,"showSkybox":false,"showFlares":false,"showImageEffects":false,"showParticleSystems":false,"showVisualEffectGraphs":true,"m_FxEnabled":true},"in2DMode":false,"pivot":{"x":0.14706112444400788,"y":1.3335075378417969,"z":-0.19364333152770997},"rotation":{"x":-0.0022919075563549997,"y":-0.996644914150238,"z":0.06905131042003632,"w":-0.040496356785297397},"size":0.9962170720100403,"orthographic":false}