{"cameraMode":{"drawMode":0,"name":"Shaded","section":"Shading Mode"},"sceneLighting":false,"audioPlay":false,"sceneViewState":{"m_AlwaysRefresh":false,"showFog":true,"showSkybox":false,"showFlares":true,"showImageEffects":true,"showParticleSystems":true,"showVisualEffectGraphs":true,"m_FxEnabled":true},"in2DMode":false,"pivot":{"x":373.54473876953127,"y":276.9327392578125,"z":667.27197265625},"rotation":{"x":0.10790780186653137,"y":0.012696705758571625,"z":-0.0018490763613954187,"w":0.9939172863960266},"size":1208.583740234375,"orthographic":false}