{"cameraMode":{"drawMode":0,"name":"Shaded","section":"Shading Mode"},"sceneLighting":false,"audioPlay":false,"sceneViewState":{"m_AlwaysRefresh":false,"showFog":false,"showSkybox":false,"showFlares":false,"showImageEffects":false,"showParticleSystems":false,"showVisualEffectGraphs":true,"m_FxEnabled":true},"in2DMode":false,"pivot":{"x":0.004771566949784756,"y":0.10666625946760178,"z":0.0032779723405838014},"rotation":{"x":-0.0006032027886249125,"y":0.9989773631095886,"z":-0.04363637790083885,"w":-0.0008244753116741777},"size":0.12142543494701386,"orthographic":false}