{"cameraMode":{"drawMode":0,"name":"Shaded","section":"Shading Mode"},"sceneLighting":false,"audioPlay":false,"sceneViewState":{"m_AlwaysRefresh":false,"showFog":true,"showSkybox":false,"showFlares":true,"showImageEffects":true,"showParticleSystems":true,"showVisualEffectGraphs":true,"m_FxEnabled":true},"in2DMode":false,"pivot":{"x":-31.308773040771486,"y":4.501380920410156,"z":-1.3132221698760987},"rotation":{"x":0.0009781514527276159,"y":0.9969375729560852,"z":0.007458475884050131,"w":0.08535027503967285},"size":1.0734847784042359,"orthographic":true}