{"cameraMode":{"drawMode":0,"name":"Shaded","section":"Shading Mode"},"sceneLighting":false,"audioPlay":false,"sceneViewState":{"m_AlwaysRefresh":false,"showFog":true,"showSkybox":false,"showFlares":true,"showImageEffects":true,"showParticleSystems":true,"showVisualEffectGraphs":true,"m_FxEnabled":true},"in2DMode":false,"pivot":{"x":-31.44024658203125,"y":2.8966431617736818,"z":-0.254105806350708},"rotation":{"x":0.34969571232795718,"y":0.028906382620334626,"z":-0.009529581293463707,"w":0.9370193481445313},"size":5.6583075523376469,"orthographic":true}