{"cameraMode":{"drawMode":0,"name":"Shaded","section":"Shading Mode"},"sceneLighting":false,"audioPlay":false,"sceneViewState":{"m_AlwaysRefresh":false,"showFog":true,"showSkybox":false,"showFlares":true,"showImageEffects":true,"showParticleSystems":true,"showVisualEffectGraphs":true,"m_FxEnabled":true},"in2DMode":false,"pivot":{"x":-1.4463305473327637,"y":2.5768165588378908,"z":10.449397087097168},"rotation":{"x":0.009187009185552597,"y":0.9859461784362793,"z":-0.16425807774066926,"w":0.045512791723012927},"size":7.898948669433594,"orthographic":true}