{"cameraMode":{"drawMode":0,"name":"Shaded","section":"Shading Mode"},"sceneLighting":false,"audioPlay":false,"sceneViewState":{"m_AlwaysRefresh":false,"showFog":true,"showSkybox":false,"showFlares":true,"showImageEffects":true,"showParticleSystems":true,"showVisualEffectGraphs":true,"m_FxEnabled":true},"in2DMode":false,"pivot":{"x":-0.28403225541114809,"y":2.3315505981445314,"z":0.068267822265625},"rotation":{"x":-0.0020365805830806495,"y":0.9967018365859985,"z":-0.07804425060749054,"w":-0.018745850771665574},"size":1.4994804859161378,"orthographic":false}