{"cameraMode":{"drawMode":0,"name":"Shaded","section":"Shading Mode"},"sceneLighting":false,"audioPlay":false,"sceneViewState":{"m_AlwaysRefresh":false,"showFog":false,"showSkybox":false,"showFlares":false,"showImageEffects":false,"showParticleSystems":false,"showVisualEffectGraphs":true,"m_FxEnabled":true},"in2DMode":false,"pivot":{"x":2.2577319145202638,"y":15.289234161376954,"z":-1.1597881317138672},"rotation":{"x":-0.0020365805830806495,"y":0.9967018365859985,"z":-0.07804425060749054,"w":-0.018745850771665574},"size":8.141692161560059,"orthographic":false}